大区,服务器,serverid,最低价(元),等级,简介,卖家,商品链接,eid
北京1区,国子监,3,300.00,180,成长:1.256 5技能 已认证,情怀ジ贰叁两,https://xyq.cbg.163.com/equip?s=3&eid=202605301000113-3-TOUPKEGINZX1EH,202605301000113-3-TOUPKEGINZX1EH
广西2区,黄姚古镇,6,300.00,49,成长:1.269 4技能,梦悠幽！,https://xyq.cbg.163.com/equip?s=6&eid=202303121200113-297-BGWE70IKJYUN,202303121200113-297-BGWE70IKJYUN
江苏3区,花果山,26,300.00,27,成长:1.236 5技能,******,https://xyq.cbg.163.com/equip?s=26&eid=202606212000113-26-IN6RUOUEMM9VG,202606212000113-26-IN6RUOUEMM9VG
深圳2区,世界之窗,39,300.00,21,成长:1.233 4技能,Dearじ灵儿,https://xyq.cbg.163.com/equip?s=39&eid=202604282100113-39-IKYCILNXBHACD,202604282100113-39-IKYCILNXBHACD
天津区,精武门,55,300.00,30,成长:1.257 3技能,粤P丶阿兴仔,https://xyq.cbg.163.com/equip?s=55&eid=202604120600113-55-8UE8TYNSHOAI1,202604120600113-55-8UE8TYNSHOAI1
广东1区,湖光岩,72,300.00,180,成长:1.226 4技能,服战心蛀虫命,https://xyq.cbg.163.com/equip?s=72&eid=202606052200113-72-C2HYNVNF8CNM7,202606052200113-72-C2HYNVNF8CNM7
广东2区,进贤门,77,300.00,180,成长:1.188 7技能 已认证,雪祈晚风而落,https://xyq.cbg.163.com/equip?s=77&eid=202606130200113-77-FGMICHMQAX8L7,202606130200113-77-FGMICHMQAX8L7
广东2区,万绿湖,78,300.00,22,成长:1.183 5技能,娇妻卖艺杀环,https://xyq.cbg.163.com/equip?s=78&eid=202603192300113-78-BVH52RYUICNEF,202603192300113-78-BVH52RYUICNEF
广东4区,流溪河,84,300.00,180,成长:1.276 4技能,醉梦ジ红尘°,https://xyq.cbg.163.com/equip?s=84&eid=202605171900113-84-D0PXQCG3XM8Z9,202605171900113-84-D0PXQCG3XM8Z9
广东4区,白云山,85,300.00,180,成长:1.198 6技能 已认证,ぐ就快忘记你,https://xyq.cbg.163.com/equip?s=85&eid=202605071300113-85-ISW15UQXGM58R,202605071300113-85-ISW15UQXGM58R
湖南区,洞庭湖,96,300.00,22,成长:1.209 5技能,合江！真龙柚,https://xyq.cbg.163.com/equip?s=96&eid=202606110900113-96-WX7DVYKWTWJDE,202606110900113-96-WX7DVYKWTWJDE
江苏1区,文昌阁,101,300.00,23,成长:1.133 4技能,鸢舞メ紫鸢花,https://xyq.cbg.163.com/equip?s=101&eid=202606102200113-101-HNSRSIDKXLJD,202606102200113-101-HNSRSIDKXLJD
江苏1区,雨花台,104,300.00,0,成长:1.181 4技能,暴走的羊丶,https://xyq.cbg.163.com/equip?s=104&eid=202606161100113-104-VLDG99LCPNK9,202606161100113-104-VLDG99LCPNK9
云南区,彩云之南,127,300.00,0,成长:1.225 4技能,唐艺昕ぃ,https://xyq.cbg.163.com/equip?s=127&eid=202604262200113-127-UXBQPU5JUF5F,202604262200113-127-UXBQPU5JUF5F
浙江1区,西栅老街,132,300.00,25,成长:1.248 4技能,洛洛阿,https://xyq.cbg.163.com/equip?s=132&eid=202606082200113-132-5FVYMHAGPCQA,202606082200113-132-5FVYMHAGPCQA
浙江2区,苏堤春晓,137,300.00,55,成长:1.255 4技能,******,https://xyq.cbg.163.com/equip?s=137&eid=202606190800113-137-XWH1CZFJO0BC,202606190800113-137-XWH1CZFJO0BC
浙江3区,钱塘江,138,300.00,21,成长:1.212 5技能,◆芯′忒凉,https://xyq.cbg.163.com/equip?s=138&eid=202606121600113-138-CL7DMKJY29TH,202606121600113-138-CL7DMKJY29TH
浙江3区,普陀山,139,300.00,180,成长:1.261 6技能 已认证,兵°生死相许,https://xyq.cbg.163.com/equip?s=139&eid=202601252000113-139-QXHVOY0URTTA,202601252000113-139-QXHVOY0URTTA
重庆区,解放碑,146,300.00,21,成长:1.244 3技能,Into丶Rayon,https://xyq.cbg.163.com/equip?s=146&eid=202605192000113-146-JD4UAZOO7RZZ,202605192000113-146-JD4UAZOO7RZZ
追忆,梦回望月,150,300.00,30,成长:1.262 4技能,某日某月某年,https://xyq.cbg.163.com/equip?s=150&eid=202606012100113-150-RTHTQG180JOQ,202606012100113-150-RTHTQG180JOQ
北京1区,太和殿,155,300.00,30,成长:1.25 5技能 已认证,＄太子萝卜,https://xyq.cbg.163.com/equip?s=155&eid=202606140100113-155-U6GSNRSCJYST,202606140100113-155-U6GSNRSCJYST
上海1区,晚芳亭,163,300.00,180,成长:1.274 7技能 已认证,＇夜．若少︷,https://xyq.cbg.163.com/equip?s=163&eid=202601110000113-163-C7SMX2YNCMZ0,202601110000113-163-C7SMX2YNCMZ0
华南区,逍遥城,173,300.00,30,成长:1.279 4技能,野纱寻．,https://xyq.cbg.163.com/equip?s=173&eid=202512182200113-173-FZHZ3IMYHXIG,202512182200113-173-FZHZ3IMYHXIG
黑龙江区,雪域天龙,221,300.00,180,成长:1.237 5技能 已认证,夕阳若雪,https://xyq.cbg.163.com/equip?s=221&eid=202605170700113-221-ZR94FOAQCMIB,202605170700113-221-ZR94FOAQCMIB
内蒙区,雄鹰岭,229,300.00,24,成长:1.175 5技能,飘渺梦接军火,https://xyq.cbg.163.com/equip?s=229&eid=202601252300113-229-JQCQQX0ZN6J3,202601252300113-229-JQCQQX0ZN6J3
福建2区,鼓浪屿,234,300.00,22,成长:1.245 4技能,一川烟草青ぅ,https://xyq.cbg.163.com/equip?s=234&eid=202605211000113-234-SYANCYUXOITV,202605211000113-234-SYANCYUXOITV
安徽1区,慈光阁,266,300.00,0,成长:1.239 5技能,′江少．,https://xyq.cbg.163.com/equip?s=266&eid=202606081400113-266-YSPCNQXNIFUS,202606081400113-266-YSPCNQXNIFUS
贵州区,红枫湖,285,300.00,151,成长:1.225 3技能,菊菊卖符石2,https://xyq.cbg.163.com/equip?s=285&eid=202512282000113-285-WJPOXOSM4ID2,202512282000113-285-WJPOXOSM4ID2
福建1区,朱紫坊,305,300.00,0,成长:1.224 3技能,Ｊustˉ画晚,https://xyq.cbg.163.com/equip?s=305&eid=202509192200113-305-IYHT2L9ZKGJD,202509192200113-305-IYHT2L9ZKGJD
福建2区,齐云楼,326,300.00,180,成长:1.263 4技能,莹莹小胖友,https://xyq.cbg.163.com/equip?s=326&eid=202605201500113-326-CR18JIDWNTVZ,202605201500113-326-CR18JIDWNTVZ
河北2区,燕塞湖,334,300.00,180,成长:1.272 5技能 已认证,快乐999,https://xyq.cbg.163.com/equip?s=334&eid=202605272100113-334-AKOPP3WYAANW,202605272100113-334-AKOPP3WYAANW
深圳2区,小梅沙,344,300.00,180,成长:1.287 6技能 已认证,ㄨ石é波,https://xyq.cbg.163.com/equip?s=344&eid=202401051900113-344-SYX3KXUIWCIJ,202401051900113-344-SYX3KXUIWCIJ
浙江2区,灵隐寺,378,300.00,30,成长:1.275 4技能,****,https://xyq.cbg.163.com/equip?s=378&eid=202606192000113-378-G30LPWDN8FTI,202606192000113-378-G30LPWDN8FTI
山东5区,曲阜孔庙,407,300.00,180,成长:1.273 6技能 已认证,Ｔ昨夜爬你床,https://xyq.cbg.163.com/equip?s=407&eid=202604221300113-407-7H0GE8PKT3PX,202604221300113-407-7H0GE8PKT3PX
深圳2区,梧桐山,412,300.00,21,成长:1.245 3技能,涂山雪＊晨,https://xyq.cbg.163.com/equip?s=412&eid=202603300600113-412-ERKIBXK5RLBN,202603300600113-412-ERKIBXK5RLBN
湖北1区,昭君台,420,300.00,22,成长:1.208 4技能,秀メ生无可恋,https://xyq.cbg.163.com/equip?s=420&eid=202512040000113-420-UKDIUZLPF1AQ,202512040000113-420-UKDIUZLPF1AQ
山西区,雁门关,421,300.00,180,成长:1.237 5技能 已认证,我的持国呢,https://xyq.cbg.163.com/equip?s=421&eid=202409131400113-421-UKY65HXII0XL,202409131400113-421-UKY65HXII0XL
北京1区,2008,459,300.00,25,成长:1.217 5技能,【凡·人】,https://xyq.cbg.163.com/equip?s=459&eid=202606140900113-459-K2XXOJ86ZH16,202606140900113-459-K2XXOJ86ZH16
江苏3区,镇淮楼,462,300.00,21,成长:1.214 4技能,名字54328506,https://xyq.cbg.163.com/equip?s=462&eid=202512191700113-462-0AJUMGWM9GBN,202512191700113-462-0AJUMGWM9GBN
重庆区,茶山竹海,482,300.00,30,成长:1.25 4技能,idol小米,https://xyq.cbg.163.com/equip?s=482&eid=202605231100113-482-OYZV7VU418KL,202605231100113-482-OYZV7VU418KL
无与伦比,兰亭序,554,300.00,100,成长:1.238 3技能,花里胡哨、黑,https://xyq.cbg.163.com/equip?s=554&eid=202605201700113-554-THPTPYKDUDGF,202605201700113-554-THPTPYKDUDGF
华南区,钓鱼岛,625,300.00,180,成长:1.218 5技能 已认证,此生予你,https://xyq.cbg.163.com/equip?s=625&eid=202605280000113-625-389NU2WN561I,202605280000113-625-389NU2WN561I
山东1区,青岛栈桥,669,300.00,27,成长:1.225 3技能,发财小牛牛,https://xyq.cbg.163.com/equip?s=669&eid=202606071900113-669-ETDVO0ILJJDY,202606071900113-669-ETDVO0ILJJDY
广东3区,广州湾,677,300.00,31,成长:1.258 5技能,轻风四打爆炸,https://xyq.cbg.163.com/equip?s=677&eid=202205292000113-661-MFVHXU1WCOT1,202205292000113-661-MFVHXU1WCOT1
北京2区,万里长城,689,300.00,24,成长:1.19 3技能,月弄痕．わ,https://xyq.cbg.163.com/equip?s=689&eid=202606170600113-689-QR9UIOBDMEJJ,202606170600113-689-QR9UIOBDMEJJ
北京1区,喜大普奔,699,300.00,24,成长:1.244 3技能,°静心孤芳〃,https://xyq.cbg.163.com/equip?s=699&eid=202408231400113-699-S5WXEOGXI7JJ,202408231400113-699-S5WXEOGXI7JJ
浙江1区,文澜阁,712,300.00,22,成长:1.206 5技能,铁蛋р,https://xyq.cbg.163.com/equip?s=712&eid=202606121100113-712-ODE64TYWQUIO,202606121100113-712-ODE64TYWQUIO
浙江4区,烟雨江南,750,300.00,21,成长:1.282 3技能,******,https://xyq.cbg.163.com/equip?s=750&eid=202606211000113-750-7NHZBACX4G2P,202606211000113-750-7NHZBACX4G2P
浙江2区,西湖龙井,758,300.00,180,成长:1.248 4技能,｀ノ宁宁康康,https://xyq.cbg.163.com/equip?s=758&eid=202605151600113-758-QIH9N8X0D84V,202605151600113-758-QIH9N8X0D84V
北京1区,五道口,786,300.00,180,成长:1.212 3技能,执剑破乾坤,https://xyq.cbg.163.com/equip?s=786&eid=202605310700113-786-466IP67DXCHP,202605310700113-786-466IP67DXCHP
天下无双,诗情画意,791,300.00,30,成长:1.218 5技能,星辰映海深,https://xyq.cbg.163.com/equip?s=791&eid=202606180100113-791-RKI4EVE8V6UQ,202606180100113-791-RKI4EVE8V6UQ
笑傲三界,花好月圆,807,300.00,21,成长:1.176 5技能,宿州灬地锅哥,https://xyq.cbg.163.com/equip?s=807&eid=202604042200113-807-MZ9PBQSFCL4L,202604042200113-807-MZ9PBQSFCL4L
上海1区,灿若星河,841,300.00,170,成长:1.25 3技能,无奈与心酸,https://xyq.cbg.163.com/equip?s=841&eid=202603180900113-841-SJUDUYQWSHRN,202603180900113-841-SJUDUYQWSHRN
上海2区,四海升平,855,300.00,55,成长:1.265 6技能 已认证,锦衣卫×青龙,https://xyq.cbg.163.com/equip?s=855&eid=202502210800113-894-TMWOKFD3RPXW,202502210800113-894-TMWOKFD3RPXW
名扬三界,文韬武略,868,300.00,180,成长:1.228 6技能 已认证,沙河代表队～,https://xyq.cbg.163.com/equip?s=868&eid=202606081100113-868-VFPL7YUDRSTM,202606081100113-868-VFPL7YUDRSTM
名扬三界,洋光闪耀,878,300.00,0,成长:1.275 4技能,爱奇艺°,https://xyq.cbg.163.com/equip?s=878&eid=202511111700113-878-LYHKRTCM9LBQ,202511111700113-878-LYHKRTCM9LBQ
名扬三界,国泰民安,882,300.00,180,成长:1.225 5技能 已认证,ㄞ仇τ琳,https://xyq.cbg.163.com/equip?s=882&eid=202605090000113-882-WTSIF5PUSYYN,202605090000113-882-WTSIF5PUSYYN
山河社稷,长安城,892,300.00,24,成长:1.188 5技能,红牛◆小天,https://xyq.cbg.163.com/equip?s=892&eid=202512230500113-892-GJ3ZJK9IBLIF,202512230500113-892-GJ3ZJK9IBLIF
山东1区,五岳独尊,934,300.00,23,成长:1.212 3技能,铁铁睡不着,https://xyq.cbg.163.com/equip?s=934&eid=202604131900113-934-UXPMK4ERXJK6,202604131900113-934-UXPMK4ERXJK6
江苏1区,苏州园林,936,300.00,25,成长:1.168 4技能,日後必成大器,https://xyq.cbg.163.com/equip?s=936&eid=202412231600113-936-8UQEKKK8ERGJ,202412231600113-936-8UQEKKK8ERGJ
良辰美景,水云归,941,300.00,24,成长:1.176 4技能,小惜玉⒉,https://xyq.cbg.163.com/equip?s=941&eid=202506040400113-941-KICZFBA6CMQL,202506040400113-941-KICZFBA6CMQL
无与伦比,梦幻西游,976,300.00,24,成长:1.2 5技能,龙ю紫萱ㄨ,https://xyq.cbg.163.com/equip?s=976&eid=202506110900113-976-5GQHM9TCGVTF,202506110900113-976-5GQHM9TCGVTF
名扬三界,独步天下,1015,300.00,23,成长:1.235 4技能,****,https://xyq.cbg.163.com/equip?s=1015&eid=202606181200113-1015-3JB4X1PNSZT,202606181200113-1015-3JB4X1PNSZT
无与伦比,MHXY,1024,300.00,136,成长:1.237,***,https://xyq.cbg.163.com/equip?s=1024&eid=202606220800113-1024-V95JAMS7VLR,202606220800113-1024-V95JAMS7VLR
深圳1区,大观园,116,300.20,180,成长:1.251 7技能 已认证,蜗轮增鸭,https://xyq.cbg.163.com/equip?s=116&eid=202604051700113-116-LA8K1TCMO7AN,202604051700113-116-LA8K1TCMO7AN
四川2区,德阳文庙,123,300.60,27,成长:1.263 4技能,拼夕夕c,https://xyq.cbg.163.com/equip?s=123&eid=202604071500113-123-T9TI2U344UMT,202604071500113-123-T9TI2U344UMT
河北2区,燕赵风云,215,300.60,0,成长:1.234 4技能,添添．,https://xyq.cbg.163.com/equip?s=215&eid=202605182200113-215-F1TTE3WEWOQI,202605182200113-215-F1TTE3WEWOQI
北京2区,龙争虎斗,816,300.60,180,成长:1.204 5技能 已认证,燕离昧,https://xyq.cbg.163.com/equip?s=816&eid=202605112100113-816-HOESL3AOK6QO,202605112100113-816-HOESL3AOK6QO
四川2区,文殊院,167,301.00,22,成长:1.231 4技能,四只裕崽,https://xyq.cbg.163.com/equip?s=167&eid=202604282300113-167-KUU6VYGJM2II,202604282300113-167-KUU6VYGJM2II
无与伦比,千里之外,579,302.10,180,成长:1.282 5技能 已认证,☆辞君★,https://xyq.cbg.163.com/equip?s=579&eid=202605140900113-579-WNCARF7FETMH,202605140900113-579-WNCARF7FETMH
追忆,2020,901,303.00,25,成长:1.218 3技能,JuSt‘画晚’,https://xyq.cbg.163.com/equip?s=901&eid=202605022000113-901-JM2BFKI7E2KG,202605022000113-901-JM2BFKI7E2KG
广东4区,状元坊,82,304.00,23,成长:1.16 5技能,欣儿。。,https://xyq.cbg.163.com/equip?s=82&eid=202605011900113-82-KUYENSTAABIWO,202605011900113-82-KUYENSTAABIWO
广西1区,青秀山,249,304.00,22,成长:1.238 3技能,夕阳西下⑩,https://xyq.cbg.163.com/equip?s=249&eid=202309022200113-249-PK06CQOWWDIH,202309022200113-249-PK06CQOWWDIH
北京2区,东方巨龙,799,304.00,0,成长:1.209 6技能 已认证,渠Λ婉玉ǚ,https://xyq.cbg.163.com/equip?s=799&eid=202306102300113-825-HDSCILQDWED4,202306102300113-825-HDSCILQDWED4
无与伦比,龙马精神,705,304.50,21,成长:1.198 4技能,笑为红颜ベ虎,https://xyq.cbg.163.com/equip?s=705&eid=202512182200113-705-I3FIEWFIJW11,202512182200113-705-I3FIEWFIJW11
江西区,庐山胜境,270,305.00,30,成长:1.176 4技能,名字13523457,https://xyq.cbg.163.com/equip?s=270&eid=202508292000113-270-I8EIYGMJCDRD,202508292000113-270-I8EIYGMJCDRD
无与伦比,将军,584,305.00,21,成长:1.215 5技能,将军散人跑环,https://xyq.cbg.163.com/equip?s=584&eid=202606142200113-584-AINQ0PO7PTEM,202606142200113-584-AINQ0PO7PTEM
广西1区,明秀园,12,305.10,22,成长:1.213 4技能,温″煦沐风ι,https://xyq.cbg.163.com/equip?s=12&eid=202604200800113-12-FG2OQOMMQ2Y95,202604200800113-12-FG2OQOMMQ2Y95
北京1区,紫禁城,9,305.90,25,成长:1.159 5技能,甜″,https://xyq.cbg.163.com/equip?s=9&eid=202605300100113-9-0JWB0TU1Q2FT7G,202605300100113-9-0JWB0TU1Q2FT7G
河南3区,南阳府,414,308.00,22,成长:1.28 5技能,″矜持乜．,https://xyq.cbg.163.com/equip?s=414&eid=202606172300113-414-QDTPDQJVF2SC,202606172300113-414-QDTPDQJVF2SC
山河社稷,大唐官府,926,308.00,26,成长:1.147 5技能,月下独思心ゲ,https://xyq.cbg.163.com/equip?s=926&eid=202605231700113-926-XYJUTQ0GM4AO,202605231700113-926-XYJUTQ0GM4AO
广东2区,如意岛,79,308.90,22,成长:1.238 4技能,е潘▲为,https://xyq.cbg.163.com/equip?s=79&eid=202602061300113-79-TH3EHUD5OBO6E,202602061300113-79-TH3EHUD5OBO6E
河北3区,避暑山庄,15,309.00,24,成长:1.203 5技能,KTV反三俗,https://xyq.cbg.163.com/equip?s=15&eid=202605302100113-15-QJL1DAF0RQSFU,202605302100113-15-QJL1DAF0RQSFU
天下无双,群星璀璨,723,309.00,21,成长:1.18 5技能,*********,https://xyq.cbg.163.com/equip?s=723&eid=202606182200113-723-ECSULZYF42JG,202606182200113-723-ECSULZYF42JG
四川1区,嘉陵江,263,309.70,180,成长:1.195 6技能 已认证,心欲静浪不止,https://xyq.cbg.163.com/equip?s=263&eid=202510231100113-263-JPEFKEZPSLQN,202510231100113-263-JPEFKEZPSLQN
北京2区,长安街,732,310.00,24,成长:1.206 5技能,******,https://xyq.cbg.163.com/equip?s=732&eid=202606202100113-732-RGPBDMW9KSIV,202606202100113-732-RGPBDMW9KSIV
陕西区,大雁塔,200,311.00,24,成长:1.163 5技能,へ徐有容へ,https://xyq.cbg.163.com/equip?s=200&eid=202605140400113-200-PRPWBT5DLWZU,202605140400113-200-PRPWBT5DLWZU
江苏2区,姑苏城,352,311.00,22,成长:1.157 5技能,夏闻蝉鸣入梦,https://xyq.cbg.163.com/equip?s=352&eid=202604042300113-352-Q110CBTUFS5Q,202604042300113-352-Q110CBTUFS5Q
山东4区,沂水雪山,443,311.00,21,成长:1.206 3技能,9527．伍；,https://xyq.cbg.163.com/equip?s=443&eid=202605151100113-443-STIM0RYSA8CZ,202605151100113-443-STIM0RYSA8CZ
安徽1区,紫蓬山,417,314.50,154,成长:1.2 6技能 已认证,龙じ海天之恋,https://xyq.cbg.163.com/equip?s=417&eid=202506281300113-417-I6S4H5V6U1NO,202506281300113-417-I6S4H5V6U1NO
四川1区,成都府,40,315.00,25,成长:1.244 4技能,｀考拉,https://xyq.cbg.163.com/equip?s=40&eid=202602061800113-40-C2LP50NHXEBKT,202602061800113-40-C2LP50NHXEBKT
浙江4区,绍兴兰亭,377,315.00,22,成长:1.219 3技能,人生一堆麻烦,https://xyq.cbg.163.com/equip?s=377&eid=202606091600113-377-CPYURIMOUTQB,202606091600113-377-CPYURIMOUTQB
无与伦比,龙拳,583,315.00,22,成长:1.237 5技能 已认证,哎呦乖乖咧,https://xyq.cbg.163.com/equip?s=583&eid=202403290000113-583-KLMAT7S2C3VU,202403290000113-583-KLMAT7S2C3VU
无与伦比,青花瓷,558,315.10,24,成长:1.254 5技能,°春春ヤヤο,https://xyq.cbg.163.com/equip?s=558&eid=202605202100113-558-GNBTPDYL1B4R,202605202100113-558-GNBTPDYL1B4R
山东1区,东海崂山,681,315.90,25,成长:1.193 4技能,冀⊥惜霜◇,https://xyq.cbg.163.com/equip?s=681&eid=202605081000113-681-OCN32FJ96AM3,202605081000113-681-OCN32FJ96AM3
上海2区,东方明珠,38,316.00,30,成长:1.212 5技能 已认证,雨色清风意,https://xyq.cbg.163.com/equip?s=38&eid=202604280000113-38-BRQT01EA2QF0E,202604280000113-38-BRQT01EA2QF0E
追忆,再续前缘,149,316.00,25,成长:1.252 5技能,不再V抛弃,https://xyq.cbg.163.com/equip?s=149&eid=202606151000113-149-FCFQXXJRLHXI,202606151000113-149-FCFQXXJRLHXI
北京1区,恭王府,769,316.00,21,成长:1.208 5技能,青衫与浪．,https://xyq.cbg.163.com/equip?s=769&eid=202606170800113-769-QNJK6YWAHKDJ,202606170800113-769-QNJK6YWAHKDJ
时光,花样年华,45,316.40,30,成长:1.275 4技能,装纯给谁看ν,https://xyq.cbg.163.com/equip?s=45&eid=202510211800113-45-A49SJWD79RUXS,202510211800113-45-A49SJWD79RUXS
河南1区,中岳嵩山,197,316.40,21,成长:1.264 5技能,张ぃ小凡,https://xyq.cbg.163.com/equip?s=197&eid=202602111400113-197-GKMTNPXYSHTM,202602111400113-197-GKMTNPXYSHTM
河南1区,汴梁城,199,316.40,22,成长:1.123 5技能,万顷波ソ,https://xyq.cbg.163.com/equip?s=199&eid=202605150800113-199-9T8WOAYEBTO9,202605150800113-199-9T8WOAYEBTO9
笑傲三界,绝代天骄,856,316.40,30,成长:1.232 4技能,壬猫玖玖．,https://xyq.cbg.163.com/equip?s=856&eid=202602211900113-856-PHIL4SUQLEVC,202602211900113-856-PHIL4SUQLEVC
北京1区,生日快乐,527,316.66,0,成长:1.241 4技能,奈何桥等爱ぁ,https://xyq.cbg.163.com/equip?s=527&eid=202604070300113-527-B65N5BMPQ8HG,202604070300113-527-B65N5BMPQ8HG
广东3区,罗浮山,2,318.00,26,成长:1.2 5技能,******,https://xyq.cbg.163.com/equip?s=2&eid=202606191500113-2-1WSGRNCUH7OQAM,202606191500113-2-1WSGRNCUH7OQAM
河南2区,牡丹亭,192,318.00,30,成长:1.207 2技能,旧梦温卿①,https://xyq.cbg.163.com/equip?s=192&eid=202606120100113-192-NP8TYENWZGHM,202606120100113-192-NP8TYENWZGHM
山东4区,大明湖,207,318.00,21,成长:1.282 3技能,流花_冰雪_,https://xyq.cbg.163.com/equip?s=207&eid=202605170100113-207-C2QRYSUKVQFM,202605170100113-207-C2QRYSUKVQFM
无与伦比,本草纲目,559,318.00,24,成长:1.2 4技能,秋不悲．τ,https://xyq.cbg.163.com/equip?s=559&eid=202606090700113-559-CNZT4EITAJCJ,202606090700113-559-CNZT4EITAJCJ
山东5区,玉皇顶,34,319.00,22,成长:1.282 4技能,收回炉呸子,https://xyq.cbg.163.com/equip?s=34&eid=202606120900113-34-A8GE7ENSGTCTG,202606120900113-34-A8GE7ENSGTCTG
福建2区,日光岩,304,319.00,25,成长:1.181 4技能,梦屿她城づ,https://xyq.cbg.163.com/equip?s=304&eid=202606180100113-304-2NLPYQVGQD1S,202606180100113-304-2NLPYQVGQD1S
福建2区,百花村,11,320.00,164,成长:1.244 4技能,卖建筑模板,https://xyq.cbg.163.com/equip?s=11&eid=202606071400113-11-AO95UHB9FR9WP,202606071400113-11-AO95UHB9FR9WP
浙江1区,台州湾,133,320.00,25,成长:1.225 5技能,双鼠娱乐团队,https://xyq.cbg.163.com/equip?s=133&eid=202606112100113-133-N4VWEECL0BCJ,202606112100113-133-N4VWEECL0BCJ
山东2区,水泊梁山,212,320.00,40,成长:1.201 3技能,H1166688888,https://xyq.cbg.163.com/equip?s=212&eid=202603230900113-212-6GZP6G1GIOVQ,202603230900113-212-6GZP6G1GIOVQ
北京2区,阳光城,299,320.00,26,成长:1.163 5技能,就逾越一次,https://xyq.cbg.163.com/equip?s=299&eid=202606160900113-299-YECBTY6LNAVD,202606160900113-299-YECBTY6LNAVD
浙江4区,绍兴鉴湖,416,320.00,21,成长:1.179 2技能,******,https://xyq.cbg.163.com/equip?s=416&eid=202606190900113-416-KGO9E3U72X8B,202606190900113-416-KGO9E3U72X8B
北京1区,江山如画,851,320.00,17,成长:1.269 5技能,168持国童子,https://xyq.cbg.163.com/equip?s=851&eid=202605311400113-851-CRAB7VA4GBD6,202605311400113-851-CRAB7VA4GBD6
名扬三界,恭喜发财,911,320.00,30,成长:1.268 3技能,碧落し,https://xyq.cbg.163.com/equip?s=911&eid=202605220400113-911-CLKM5EEICMUO,202605220400113-911-CLKM5EEICMUO
北京3区,紫禁之巅,969,320.00,22,成长:1.237 4技能,腿长ん白嫩嫩,https://xyq.cbg.163.com/equip?s=969&eid=202606011600113-969-R075YTI3ZCFS,202606011600113-969-R075YTI3ZCFS
江苏3区,烟花三月,930,320.50,22,成长:1.202 4技能,等④分钟,https://xyq.cbg.163.com/equip?s=930&eid=202603210200113-930-UD31I55XLDVC,202603210200113-930-UD31I55XLDVC
上海2区,徐家汇,622,322.00,26,成长:1.215 3技能,持国宝宝出来,https://xyq.cbg.163.com/equip?s=622&eid=202604291800113-622-J9BM4Y6KNRKI,202604291800113-622-J9BM4Y6KNRKI
山东5区,威海卫,657,322.00,30,成长:1.242 4技能,售乳山生蚝,https://xyq.cbg.163.com/equip?s=657&eid=202409291700113-657-3JSOTPPLNXWU,202409291700113-657-3JSOTPPLNXWU
山东3区,蓬莱岛,33,323.00,79,成长:1.249 5技能,当年一段情．,https://xyq.cbg.163.com/equip?s=33&eid=202601140000113-33-BZUUWUS5RHO6F,202601140000113-33-BZUUWUS5RHO6F
江苏2区,夫子庙,105,324.00,180,成长:1.242 4技能,向善●,https://xyq.cbg.163.com/equip?s=105&eid=202606041800113-105-RWVGDKW7TRLW,202606041800113-105-RWVGDKW7TRLW
山东1区,东岳泰山,211,325.00,24,成长:1.213 4技能,№婚礼‖录像,https://xyq.cbg.163.com/equip?s=211&eid=202603090400113-211-PKEYQEUTYSYV,202603090400113-211-PKEYQEUTYSYV
湖南区,橘子洲,275,325.10,30,成长:1.225 4技能,υ余生相随γ,https://xyq.cbg.163.com/equip?s=275&eid=202503142000113-275-XXAM1JADFLPV,202503142000113-275-XXAM1JADFLPV
浙江3区,功成名就,804,325.10,31,成长:1.202 5技能,您的杀环助手,https://xyq.cbg.163.com/equip?s=804&eid=202512151700113-804-NQFWCHCW6WAN,202512151700113-804-NQFWCHCW6WAN
河北1区,缘聚唐城,60,327.80,180,成长:1.172 6技能 已认证,恰好柔情,https://xyq.cbg.163.com/equip?s=60&eid=202505162000113-60-GINMV1QGDDHRX,202505162000113-60-GINMV1QGDDHRX
浙江2区,忆江南,881,327.80,24,成长:1.152 5技能,听风吟悦沧海,https://xyq.cbg.163.com/equip?s=881&eid=202606112200113-881-CMNQMWJXAIDC,202606112200113-881-CMNQMWJXAIDC
上海1区,珍宝阁,159,328.00,25,成长:1.166 5技能,虎汇百川,https://xyq.cbg.163.com/equip?s=159&eid=202603171700113-159-HYRJIMXJLXIU,202603171700113-159-HYRJIMXJLXIU
北京1区,繁荣富强,871,328.00,25,成长:1.2 5技能,帝ぇ前途似锦,https://xyq.cbg.163.com/equip?s=871&eid=202606121000113-871-THSBOSPWDECI,202606121000113-871-THSBOSPWDECI
良辰美景,一见钟情,1010,328.00,21,成长:1.223 4技能,阿金常驻钟情,https://xyq.cbg.163.com/equip?s=1010&eid=202606010900113-1010-DXNKJKHCTN7,202606010900113-1010-DXNKJKHCTN7
追忆,一生所爱,954,329.00,30,成长:1.219 6技能,鲁班第一打造,https://xyq.cbg.163.com/equip?s=954&eid=202606161100113-954-EK2QHBW3D7D0,202606161100113-954-EK2QHBW3D7D0
浙江1区,西湖醋鱼,987,330.00,22,成长:1.249 4技能,美玉有暇ˇ,https://xyq.cbg.163.com/equip?s=987&eid=202606081500113-987-Q0R6S6S7A94S,202606081500113-987-Q0R6S6S7A94S
广西1区,云天宫,86,331.00,0,成长:1.223 6技能,******,https://xyq.cbg.163.com/equip?s=86&eid=202606191700113-86-AE3MVYLOKDIEF,202606191700113-86-AE3MVYLOKDIEF
湖北1区,武当山,94,333.00,23,成长:1.225 4技能,壹叶知秋；,https://xyq.cbg.163.com/equip?s=94&eid=202605290000113-94-RJU1IJZA01BAM,202605290000113-94-RJU1IJZA01BAM
云南区,蝴蝶泉,130,333.00,25,成长:1.269 4技能,绝世メ英雄,https://xyq.cbg.163.com/equip?s=130&eid=202605100200113-130-WZMXXMKDFVWL,202605100200113-130-WZMXXMKDFVWL
河南2区,少室山,193,333.00,22,成长:1.231 5技能,等雾语·,https://xyq.cbg.163.com/equip?s=193&eid=202605082000113-193-CB5P7NR52O6W,202605082000113-193-CB5P7NR52O6W
河南1区,少林寺,413,333.00,25,成长:1.242 4技能,手牵手心相印,https://xyq.cbg.163.com/equip?s=413&eid=202606151800113-413-1ZULMO83T7LR,202606151800113-413-1ZULMO83T7LR
北京1区,香山红叶,920,333.00,180,成长:1.256 7技能 已认证,河朔こ红颜醉,https://xyq.cbg.163.com/equip?s=920&eid=202606112000113-920-PW4RFVY1VIFP,202606112000113-920-PW4RFVY1VIFP
北京2区,一生一世,935,333.00,22,成长:1.262 5技能,爱吃炸鸡ō,https://xyq.cbg.163.com/equip?s=935&eid=202606071600113-935-HJKBIDCIJYVI,202606071600113-935-HJKBIDCIJYVI
江苏1区,秦淮风光,957,333.00,23,成长:1.161 5技能,骑猪撞路虎,https://xyq.cbg.163.com/equip?s=957&eid=202604260000113-957-BSXLVYZIPJX3,202604260000113-957-BSXLVYZIPJX3
上海1区,新天地,975,333.00,26,成长:1.246 4技能,幸运虎虎·,https://xyq.cbg.163.com/equip?s=975&eid=202605120000113-975-DSF2JBUBMAA9,202605120000113-975-DSF2JBUBMAA9
天下无双,超凡入圣,795,335.00,26,成长:1.282 4技能,莲花浅浅よ．,https://xyq.cbg.163.com/equip?s=795&eid=202604221400113-795-D9IEPLY6YN2W,202604221400113-795-D9IEPLY6YN2W
星辰大海,风雨同舟,1018,335.00,30,成长:1.275 2技能,*****,https://xyq.cbg.163.com/equip?s=1018&eid=202606181700113-1018-PMDYMUVY4P4,202606181700113-1018-PMDYMUVY4P4
江苏1区,十里桃花,981,336.00,30,成长:1.188 3技能,炼妖出主宠！,https://xyq.cbg.163.com/equip?s=981&eid=202606090900113-981-X1FVY1VTVXDJ,202606090900113-981-X1FVY1VTVXDJ
湖北2区,黄鹤楼,223,340.00,22,成长:1.191 5技能,******,https://xyq.cbg.163.com/equip?s=223&eid=202606181500113-223-5J2Y425AGOVX,202606181500113-223-5J2Y425AGOVX
天下无双,金戈铁马,730,340.00,24,成长:1.233 5技能,******,https://xyq.cbg.163.com/equip?s=730&eid=202606181200113-730-UFTIXRPWIMEL,202606181200113-730-UFTIXRPWIMEL
浙江1区,团团圆圆,953,342.00,24,成长:1.255 4技能,°Ryメ云中君,https://xyq.cbg.163.com/equip?s=953&eid=202604252300113-953-Y3IL1HM8Y0YO,202604252300113-953-Y3IL1HM8Y0YO
辽宁1区,星海湾,367,344.00,26,成长:1.242 5技能,恒尚布艺,https://xyq.cbg.163.com/equip?s=367&eid=202601190800113-367-ZGQZQBPXD1LJ,202601190800113-367-ZGQZQBPXD1LJ
陕西区,西岳华山,203,350.00,25,成长:1.286 2技能,国服日猫°,https://xyq.cbg.163.com/equip?s=203&eid=202606072300113-203-NOOEAFBKEOVZ,202606072300113-203-NOOEAFBKEOVZ
天下无双,逍遥三界,785,350.00,30,成长:1.226 2技能,°花瑾い俊韶,https://xyq.cbg.163.com/equip?s=785&eid=202606140700113-785-TKKBQZZEMDT3,202606140700113-785-TKKBQZZEMDT3
笑傲三界,华山论剑,811,350.00,24,成长:1.218 5技能,黑娃丶何尽兴,https://xyq.cbg.163.com/equip?s=811&eid=202604242100113-811-8BPQ7NHJJWXW,202604242100113-811-8BPQ7NHJJWXW
北京2区,顺天府,821,350.00,25,成长:1.238 3技能,*****,https://xyq.cbg.163.com/equip?s=821&eid=202606200000113-821-3LLVFSXSVOL1,202606200000113-821-3LLVFSXSVOL1
浙江1区,西塘古镇,932,350.00,24,成长:1.269 3技能,李哥赞助2号,https://xyq.cbg.163.com/equip?s=932&eid=202605191900113-932-N4W1S2N50EYO,202605191900113-932-N4W1S2N50EYO
名扬三界,卧虎藏龙,939,350.00,24,成长:1.2 4技能,可可为你ん,https://xyq.cbg.163.com/equip?s=939&eid=202603311200113-939-SEMZ4IUFLBB3,202603311200113-939-SEMZ4IUFLBB3
名扬三界,万里华夏,971,350.00,21,成长:1.184 4技能,ぃ谦谦君子ッ,https://xyq.cbg.163.com/equip?s=971&eid=202606141900113-971-WDDW8RHEZXYI,202606141900113-971-WDDW8RHEZXYI
无与伦比,龙的传人,982,350.00,25,成长:1.256 4技能,*****,https://xyq.cbg.163.com/equip?s=982&eid=202606191500113-982-BUU8ANEQ7S0Y,202606191500113-982-BUU8ANEQ7S0Y
北京1区,黄金台,838,355.00,30,成长:1.171 2技能,如果还不能＆,https://xyq.cbg.163.com/equip?s=838&eid=202606172000113-838-OLT7DHAD157W,202606172000113-838-OLT7DHAD157W
山河社稷,东海湾,902,355.00,36,成长:1.185 2技能,老妖00Q,https://xyq.cbg.163.com/equip?s=902&eid=202606031300113-902-45KQ7XKNVGLH,202606031300113-902-45KQ7XKNVGLH
河北2区,观沧海,931,355.00,61,成长:1.275 4技能 已认证,JūSt”画晚,https://xyq.cbg.163.com/equip?s=931&eid=202605210800113-931-3KU031GI6RC1,202605210800113-931-3KU031GI6RC1
星辰大海,友情岁月,1000,355.00,0,成长:1.215 5技能,名字10627175,https://xyq.cbg.163.com/equip?s=1000&eid=202603141500113-1000-IM4NLR4PFDR,202603141500113-1000-IM4NLR4PFDR
良辰美景,福星高照,980,380.00,21,成长:1.188 3技能,******,https://xyq.cbg.163.com/equip?s=980&eid=202606200900113-980-E2ZV6SPA4WJW,202606200900113-980-E2ZV6SPA4WJW
广东4区,流花湖,358,388.00,26,成长:1.165 3技能,*****,https://xyq.cbg.163.com/equip?s=358&eid=202606220000113-358-BBGI1YSXH9JS,202606220000113-358-BBGI1YSXH9JS
北京3区,水木清华,962,388.00,21,成长:1.263 3技能,刀哥要渡劫,https://xyq.cbg.163.com/equip?s=962&eid=202605190300113-962-BJPNJEHDIHVY,202605190300113-962-BJPNJEHDIHVY
浙江2区,蛇来运转,1002,388.00,24,成长:1.244 3技能,*****,https://xyq.cbg.163.com/equip?s=1002&eid=202606201800113-1002-K9JN5KXOQH5,202606201800113-1002-K9JN5KXOQH5
上海1区,久别重逢,1012,388.00,0,成长:1.25 4技能,来暴个富吧·,https://xyq.cbg.163.com/equip?s=1012&eid=202606130800113-1012-YVP0RPQJDYM,202606130800113-1012-YVP0RPQJDYM
天下无双,青梅竹马,1020,388.00,0,成长:1.237,******,https://xyq.cbg.163.com/equip?s=1020&eid=202606211000113-1020-6SDZA0Z5WLS,202606211000113-1020-6SDZA0Z5WLS